suite_case_id,record_type,branch_order,mask_index,outage_mask,phase_degrees,phase_radians,controls_path,controls_sha256,source_cr3bp_terminal_error,cr3bp_terminal_error,cr3bp_delta_from_source,solar_tidal_terminal_error,solar_tidal_delta_from_cr3bp,configured_threshold,cr3bp_passes_configured_threshold,solar_tidal_passes_configured_threshold,threshold_semantics,recovery_start,recovery_segments,optimizer_ran,optimizer_success,accepted_candidate,accepted_weight_variant,accepted_initialization,control_count,substeps_per_segment,transfer_time,solar_tidal_semantics
tail_coast_all_one_two_segment_t5_portfolio,nominal,,,,0,0,data/results/hard_catalog_tail_coast_branch_control_replay/controls/tail_coast_all_one_two_segment_t5_portfolio_nominal_controls.json,a837354a64fef991cbe32cc2ed8311f0e72f59d73250655e2bf89144da0d5ca4,0.022992338178558822,0.022992338178558822,0,2.481764912283746,2.4587725741051871,0.089999999999999997,True,False,nominal row uses configured objective.thresholds.nominal_success,,,,,optimizer,,,14,7,4,"persisted accepted controls repropagated against the original CR3BP target with a simple circular solar third-body tidal acceleration; no retuning, no SPICE ephemeris, no high-fidelity validation"
tail_coast_all_one_two_segment_t5_portfolio,nominal,,,,90,1.5707963267948966,data/results/hard_catalog_tail_coast_branch_control_replay/controls/tail_coast_all_one_two_segment_t5_portfolio_nominal_controls.json,a837354a64fef991cbe32cc2ed8311f0e72f59d73250655e2bf89144da0d5ca4,0.022992338178558822,0.022992338178558822,0,0.8771956029989546,0.85420326482039577,0.089999999999999997,True,False,nominal row uses configured objective.thresholds.nominal_success,,,,,optimizer,,,14,7,4,"persisted accepted controls repropagated against the original CR3BP target with a simple circular solar third-body tidal acceleration; no retuning, no SPICE ephemeris, no high-fidelity validation"
tail_coast_all_one_two_segment_t5_portfolio,nominal,,,,180,3.1415926535897931,data/results/hard_catalog_tail_coast_branch_control_replay/controls/tail_coast_all_one_two_segment_t5_portfolio_nominal_controls.json,a837354a64fef991cbe32cc2ed8311f0e72f59d73250655e2bf89144da0d5ca4,0.022992338178558822,0.022992338178558822,0,2.4785075189304755,2.4555151807519167,0.089999999999999997,True,False,nominal row uses configured objective.thresholds.nominal_success,,,,,optimizer,,,14,7,4,"persisted accepted controls repropagated against the original CR3BP target with a simple circular solar third-body tidal acceleration; no retuning, no SPICE ephemeris, no high-fidelity validation"
tail_coast_all_one_two_segment_t5_portfolio,nominal,,,,270,4.7123889803846897,data/results/hard_catalog_tail_coast_branch_control_replay/controls/tail_coast_all_one_two_segment_t5_portfolio_nominal_controls.json,a837354a64fef991cbe32cc2ed8311f0e72f59d73250655e2bf89144da0d5ca4,0.022992338178558822,0.022992338178558822,0,0.89721551726675741,0.87422317908819858,0.089999999999999997,True,False,nominal row uses configured objective.thresholds.nominal_success,,,,,optimizer,,,14,7,4,"persisted accepted controls repropagated against the original CR3BP target with a simple circular solar third-body tidal acceleration; no retuning, no SPICE ephemeris, no high-fidelity validation"
tail_coast_all_one_two_segment_t5_portfolio,branch,0,0,"[0, 1, 1, 1, 1, 1, 1, 1, 1, 1, 1, 1, 1, 1]",0,0,data/results/hard_catalog_tail_coast_branch_control_replay/controls/tail_coast_all_one_two_segment_t5_portfolio_branch_000_mask_000_controls.json,29ee001998ed326eda124d1a7cc3c36015bc7be21604e2daad3cd91e757d01d3,0.00034866376885863743,0.00034866376885863743,0,5.40839182591575,5.4080431621468916,0.17000000000000001,True,False,branch rows use configured objective.thresholds.robust_success,1,13,True,True,optimizer,terminal_only,nominal_post_outage,14,7,4,"persisted accepted controls repropagated against the original CR3BP target with a simple circular solar third-body tidal acceleration; no retuning, no SPICE ephemeris, no high-fidelity validation"
tail_coast_all_one_two_segment_t5_portfolio,branch,0,0,"[0, 1, 1, 1, 1, 1, 1, 1, 1, 1, 1, 1, 1, 1]",90,1.5707963267948966,data/results/hard_catalog_tail_coast_branch_control_replay/controls/tail_coast_all_one_two_segment_t5_portfolio_branch_000_mask_000_controls.json,29ee001998ed326eda124d1a7cc3c36015bc7be21604e2daad3cd91e757d01d3,0.00034866376885863743,0.00034866376885863743,0,0.94201945179052282,0.94167078802166415,0.17000000000000001,True,False,branch rows use configured objective.thresholds.robust_success,1,13,True,True,optimizer,terminal_only,nominal_post_outage,14,7,4,"persisted accepted controls repropagated against the original CR3BP target with a simple circular solar third-body tidal acceleration; no retuning, no SPICE ephemeris, no high-fidelity validation"
tail_coast_all_one_two_segment_t5_portfolio,branch,0,0,"[0, 1, 1, 1, 1, 1, 1, 1, 1, 1, 1, 1, 1, 1]",180,3.1415926535897931,data/results/hard_catalog_tail_coast_branch_control_replay/controls/tail_coast_all_one_two_segment_t5_portfolio_branch_000_mask_000_controls.json,29ee001998ed326eda124d1a7cc3c36015bc7be21604e2daad3cd91e757d01d3,0.00034866376885863743,0.00034866376885863743,0,5.3963037938844955,5.3959551301156372,0.17000000000000001,True,False,branch rows use configured objective.thresholds.robust_success,1,13,True,True,optimizer,terminal_only,nominal_post_outage,14,7,4,"persisted accepted controls repropagated against the original CR3BP target with a simple circular solar third-body tidal acceleration; no retuning, no SPICE ephemeris, no high-fidelity validation"
tail_coast_all_one_two_segment_t5_portfolio,branch,0,0,"[0, 1, 1, 1, 1, 1, 1, 1, 1, 1, 1, 1, 1, 1]",270,4.7123889803846897,data/results/hard_catalog_tail_coast_branch_control_replay/controls/tail_coast_all_one_two_segment_t5_portfolio_branch_000_mask_000_controls.json,29ee001998ed326eda124d1a7cc3c36015bc7be21604e2daad3cd91e757d01d3,0.00034866376885863743,0.00034866376885863743,0,0.9517918765543657,0.95144321278550703,0.17000000000000001,True,False,branch rows use configured objective.thresholds.robust_success,1,13,True,True,optimizer,terminal_only,nominal_post_outage,14,7,4,"persisted accepted controls repropagated against the original CR3BP target with a simple circular solar third-body tidal acceleration; no retuning, no SPICE ephemeris, no high-fidelity validation"
tail_coast_all_one_two_segment_t5_portfolio,branch,1,1,"[1, 0, 1, 1, 1, 1, 1, 1, 1, 1, 1, 1, 1, 1]",0,0,data/results/hard_catalog_tail_coast_branch_control_replay/controls/tail_coast_all_one_two_segment_t5_portfolio_branch_001_mask_001_controls.json,2ac3ea5cf5870454b3cced8a57a48fb0bff50f845ef2887ad3d356d74ff138c2,0.0021092769780679923,0.0021092769780679923,0,1.0366314864947204,1.0345222095166524,0.17000000000000001,True,False,branch rows use configured objective.thresholds.robust_success,2,12,True,True,optimizer,terminal_only,nominal_post_outage,14,7,4,"persisted accepted controls repropagated against the original CR3BP target with a simple circular solar third-body tidal acceleration; no retuning, no SPICE ephemeris, no high-fidelity validation"
tail_coast_all_one_two_segment_t5_portfolio,branch,1,1,"[1, 0, 1, 1, 1, 1, 1, 1, 1, 1, 1, 1, 1, 1]",90,1.5707963267948966,data/results/hard_catalog_tail_coast_branch_control_replay/controls/tail_coast_all_one_two_segment_t5_portfolio_branch_001_mask_001_controls.json,2ac3ea5cf5870454b3cced8a57a48fb0bff50f845ef2887ad3d356d74ff138c2,0.0021092769780679923,0.0021092769780679923,0,0.27409640963629328,0.27198713265822527,0.17000000000000001,True,False,branch rows use configured objective.thresholds.robust_success,2,12,True,True,optimizer,terminal_only,nominal_post_outage,14,7,4,"persisted accepted controls repropagated against the original CR3BP target with a simple circular solar third-body tidal acceleration; no retuning, no SPICE ephemeris, no high-fidelity validation"
tail_coast_all_one_two_segment_t5_portfolio,branch,1,1,"[1, 0, 1, 1, 1, 1, 1, 1, 1, 1, 1, 1, 1, 1]",180,3.1415926535897931,data/results/hard_catalog_tail_coast_branch_control_replay/controls/tail_coast_all_one_two_segment_t5_portfolio_branch_001_mask_001_controls.json,2ac3ea5cf5870454b3cced8a57a48fb0bff50f845ef2887ad3d356d74ff138c2,0.0021092769780679923,0.0021092769780679923,0,1.0337364549787169,1.031627178000649,0.17000000000000001,True,False,branch rows use configured objective.thresholds.robust_success,2,12,True,True,optimizer,terminal_only,nominal_post_outage,14,7,4,"persisted accepted controls repropagated against the original CR3BP target with a simple circular solar third-body tidal acceleration; no retuning, no SPICE ephemeris, no high-fidelity validation"
tail_coast_all_one_two_segment_t5_portfolio,branch,1,1,"[1, 0, 1, 1, 1, 1, 1, 1, 1, 1, 1, 1, 1, 1]",270,4.7123889803846897,data/results/hard_catalog_tail_coast_branch_control_replay/controls/tail_coast_all_one_two_segment_t5_portfolio_branch_001_mask_001_controls.json,2ac3ea5cf5870454b3cced8a57a48fb0bff50f845ef2887ad3d356d74ff138c2,0.0021092769780679923,0.0021092769780679923,0,0.26784518961408504,0.26573591263601704,0.17000000000000001,True,False,branch rows use configured objective.thresholds.robust_success,2,12,True,True,optimizer,terminal_only,nominal_post_outage,14,7,4,"persisted accepted controls repropagated against the original CR3BP target with a simple circular solar third-body tidal acceleration; no retuning, no SPICE ephemeris, no high-fidelity validation"
tail_coast_all_one_two_segment_t5_portfolio,branch,2,2,"[1, 1, 0, 1, 1, 1, 1, 1, 1, 1, 1, 1, 1, 1]",0,0,data/results/hard_catalog_tail_coast_branch_control_replay/controls/tail_coast_all_one_two_segment_t5_portfolio_branch_002_mask_002_controls.json,af4c45bf516a4979040b09e98c25f4c5f5f400e3ff1de4e2d47c1b457521577e,2.3973675906796862e-07,2.3973675906796862e-07,0,0.047332499473179093,0.047332259736420024,0.17000000000000001,True,True,branch rows use configured objective.thresholds.robust_success,3,11,True,True,optimizer,terminal_only,nominal_post_outage,14,7,4,"persisted accepted controls repropagated against the original CR3BP target with a simple circular solar third-body tidal acceleration; no retuning, no SPICE ephemeris, no high-fidelity validation"
tail_coast_all_one_two_segment_t5_portfolio,branch,2,2,"[1, 1, 0, 1, 1, 1, 1, 1, 1, 1, 1, 1, 1, 1]",90,1.5707963267948966,data/results/hard_catalog_tail_coast_branch_control_replay/controls/tail_coast_all_one_two_segment_t5_portfolio_branch_002_mask_002_controls.json,af4c45bf516a4979040b09e98c25f4c5f5f400e3ff1de4e2d47c1b457521577e,2.3973675906796862e-07,2.3973675906796862e-07,0,0.088164368994069764,0.088164129257310694,0.17000000000000001,True,True,branch rows use configured objective.thresholds.robust_success,3,11,True,True,optimizer,terminal_only,nominal_post_outage,14,7,4,"persisted accepted controls repropagated against the original CR3BP target with a simple circular solar third-body tidal acceleration; no retuning, no SPICE ephemeris, no high-fidelity validation"
tail_coast_all_one_two_segment_t5_portfolio,branch,2,2,"[1, 1, 0, 1, 1, 1, 1, 1, 1, 1, 1, 1, 1, 1]",180,3.1415926535897931,data/results/hard_catalog_tail_coast_branch_control_replay/controls/tail_coast_all_one_two_segment_t5_portfolio_branch_002_mask_002_controls.json,af4c45bf516a4979040b09e98c25f4c5f5f400e3ff1de4e2d47c1b457521577e,2.3973675906796862e-07,2.3973675906796862e-07,0,0.048903244886244375,0.048903005149485305,0.17000000000000001,True,True,branch rows use configured objective.thresholds.robust_success,3,11,True,True,optimizer,terminal_only,nominal_post_outage,14,7,4,"persisted accepted controls repropagated against the original CR3BP target with a simple circular solar third-body tidal acceleration; no retuning, no SPICE ephemeris, no high-fidelity validation"
tail_coast_all_one_two_segment_t5_portfolio,branch,2,2,"[1, 1, 0, 1, 1, 1, 1, 1, 1, 1, 1, 1, 1, 1]",270,4.7123889803846897,data/results/hard_catalog_tail_coast_branch_control_replay/controls/tail_coast_all_one_two_segment_t5_portfolio_branch_002_mask_002_controls.json,af4c45bf516a4979040b09e98c25f4c5f5f400e3ff1de4e2d47c1b457521577e,2.3973675906796862e-07,2.3973675906796862e-07,0,0.089020535988022773,0.089020296251263703,0.17000000000000001,True,True,branch rows use configured objective.thresholds.robust_success,3,11,True,True,optimizer,terminal_only,nominal_post_outage,14,7,4,"persisted accepted controls repropagated against the original CR3BP target with a simple circular solar third-body tidal acceleration; no retuning, no SPICE ephemeris, no high-fidelity validation"
tail_coast_all_one_two_segment_t5_portfolio,branch,3,3,"[1, 1, 1, 0, 1, 1, 1, 1, 1, 1, 1, 1, 1, 1]",0,0,data/results/hard_catalog_tail_coast_branch_control_replay/controls/tail_coast_all_one_two_segment_t5_portfolio_branch_003_mask_003_controls.json,3edba56d8ede21d879506f25e33b9a6f9e7d0217069e63895c0e3dc475e654e0,0.0018062359343324901,0.0018062359343324901,0,0.3055381999284203,0.30373196399408781,0.17000000000000001,True,False,branch rows use configured objective.thresholds.robust_success,4,10,True,True,optimizer,terminal_only,nominal_post_outage,14,7,4,"persisted accepted controls repropagated against the original CR3BP target with a simple circular solar third-body tidal acceleration; no retuning, no SPICE ephemeris, no high-fidelity validation"
tail_coast_all_one_two_segment_t5_portfolio,branch,3,3,"[1, 1, 1, 0, 1, 1, 1, 1, 1, 1, 1, 1, 1, 1]",90,1.5707963267948966,data/results/hard_catalog_tail_coast_branch_control_replay/controls/tail_coast_all_one_two_segment_t5_portfolio_branch_003_mask_003_controls.json,3edba56d8ede21d879506f25e33b9a6f9e7d0217069e63895c0e3dc475e654e0,0.0018062359343324901,0.0018062359343324901,0,0.54333313343931733,0.54152689750498484,0.17000000000000001,True,False,branch rows use configured objective.thresholds.robust_success,4,10,True,True,optimizer,terminal_only,nominal_post_outage,14,7,4,"persisted accepted controls repropagated against the original CR3BP target with a simple circular solar third-body tidal acceleration; no retuning, no SPICE ephemeris, no high-fidelity validation"
tail_coast_all_one_two_segment_t5_portfolio,branch,3,3,"[1, 1, 1, 0, 1, 1, 1, 1, 1, 1, 1, 1, 1, 1]",180,3.1415926535897931,data/results/hard_catalog_tail_coast_branch_control_replay/controls/tail_coast_all_one_two_segment_t5_portfolio_branch_003_mask_003_controls.json,3edba56d8ede21d879506f25e33b9a6f9e7d0217069e63895c0e3dc475e654e0,0.0018062359343324901,0.0018062359343324901,0,0.3041518511685376,0.30234561523420511,0.17000000000000001,True,False,branch rows use configured objective.thresholds.robust_success,4,10,True,True,optimizer,terminal_only,nominal_post_outage,14,7,4,"persisted accepted controls repropagated against the original CR3BP target with a simple circular solar third-body tidal acceleration; no retuning, no SPICE ephemeris, no high-fidelity validation"
tail_coast_all_one_two_segment_t5_portfolio,branch,3,3,"[1, 1, 1, 0, 1, 1, 1, 1, 1, 1, 1, 1, 1, 1]",270,4.7123889803846897,data/results/hard_catalog_tail_coast_branch_control_replay/controls/tail_coast_all_one_two_segment_t5_portfolio_branch_003_mask_003_controls.json,3edba56d8ede21d879506f25e33b9a6f9e7d0217069e63895c0e3dc475e654e0,0.0018062359343324901,0.0018062359343324901,0,0.54538870013320795,0.54358246419887546,0.17000000000000001,True,False,branch rows use configured objective.thresholds.robust_success,4,10,True,True,optimizer,terminal_only,nominal_post_outage,14,7,4,"persisted accepted controls repropagated against the original CR3BP target with a simple circular solar third-body tidal acceleration; no retuning, no SPICE ephemeris, no high-fidelity validation"
tail_coast_all_one_two_segment_t5_portfolio,branch,4,4,"[1, 1, 1, 1, 0, 1, 1, 1, 1, 1, 1, 1, 1, 1]",0,0,data/results/hard_catalog_tail_coast_branch_control_replay/controls/tail_coast_all_one_two_segment_t5_portfolio_branch_004_mask_004_controls.json,9ebebca724e9d21f0fe3b1556fa59ebf191a0ea0cd129023fca9d9ae5e2c2c5d,8.5136658070009593e-06,8.5136658070009593e-06,0,0.089704696280861668,0.089696182615054673,0.17000000000000001,True,True,branch rows use configured objective.thresholds.robust_success,5,9,True,True,optimizer,terminal_only,nominal_post_outage,14,7,4,"persisted accepted controls repropagated against the original CR3BP target with a simple circular solar third-body tidal acceleration; no retuning, no SPICE ephemeris, no high-fidelity validation"
tail_coast_all_one_two_segment_t5_portfolio,branch,4,4,"[1, 1, 1, 1, 0, 1, 1, 1, 1, 1, 1, 1, 1, 1]",90,1.5707963267948966,data/results/hard_catalog_tail_coast_branch_control_replay/controls/tail_coast_all_one_two_segment_t5_portfolio_branch_004_mask_004_controls.json,9ebebca724e9d21f0fe3b1556fa59ebf191a0ea0cd129023fca9d9ae5e2c2c5d,8.5136658070009593e-06,8.5136658070009593e-06,0,0.18424018857985369,0.18423167491404668,0.17000000000000001,True,False,branch rows use configured objective.thresholds.robust_success,5,9,True,True,optimizer,terminal_only,nominal_post_outage,14,7,4,"persisted accepted controls repropagated against the original CR3BP target with a simple circular solar third-body tidal acceleration; no retuning, no SPICE ephemeris, no high-fidelity validation"
tail_coast_all_one_two_segment_t5_portfolio,branch,4,4,"[1, 1, 1, 1, 0, 1, 1, 1, 1, 1, 1, 1, 1, 1]",180,3.1415926535897931,data/results/hard_catalog_tail_coast_branch_control_replay/controls/tail_coast_all_one_two_segment_t5_portfolio_branch_004_mask_004_controls.json,9ebebca724e9d21f0fe3b1556fa59ebf191a0ea0cd129023fca9d9ae5e2c2c5d,8.5136658070009593e-06,8.5136658070009593e-06,0,0.090621846140649609,0.090613332474842614,0.17000000000000001,True,True,branch rows use configured objective.thresholds.robust_success,5,9,True,True,optimizer,terminal_only,nominal_post_outage,14,7,4,"persisted accepted controls repropagated against the original CR3BP target with a simple circular solar third-body tidal acceleration; no retuning, no SPICE ephemeris, no high-fidelity validation"
tail_coast_all_one_two_segment_t5_portfolio,branch,4,4,"[1, 1, 1, 1, 0, 1, 1, 1, 1, 1, 1, 1, 1, 1]",270,4.7123889803846897,data/results/hard_catalog_tail_coast_branch_control_replay/controls/tail_coast_all_one_two_segment_t5_portfolio_branch_004_mask_004_controls.json,9ebebca724e9d21f0fe3b1556fa59ebf191a0ea0cd129023fca9d9ae5e2c2c5d,8.5136658070009593e-06,8.5136658070009593e-06,0,0.18521294461025301,0.185204430944446,0.17000000000000001,True,False,branch rows use configured objective.thresholds.robust_success,5,9,True,True,optimizer,terminal_only,nominal_post_outage,14,7,4,"persisted accepted controls repropagated against the original CR3BP target with a simple circular solar third-body tidal acceleration; no retuning, no SPICE ephemeris, no high-fidelity validation"
tail_coast_all_one_two_segment_t5_portfolio,branch,5,5,"[1, 1, 1, 1, 1, 0, 1, 1, 1, 1, 1, 1, 1, 1]",0,0,data/results/hard_catalog_tail_coast_branch_control_replay/controls/tail_coast_all_one_two_segment_t5_portfolio_branch_005_mask_005_controls.json,d8174ef523a3e0ad649e16446092fe1af22a1d948f1906a7226fa310005b43ff,1.4634779182819704e-05,1.4634779182819704e-05,0,0.19318656751713645,0.19317193273795363,0.17000000000000001,True,False,branch rows use configured objective.thresholds.robust_success,6,8,True,True,optimizer,regularized_001,nominal_post_outage,14,7,4,"persisted accepted controls repropagated against the original CR3BP target with a simple circular solar third-body tidal acceleration; no retuning, no SPICE ephemeris, no high-fidelity validation"
tail_coast_all_one_two_segment_t5_portfolio,branch,5,5,"[1, 1, 1, 1, 1, 0, 1, 1, 1, 1, 1, 1, 1, 1]",90,1.5707963267948966,data/results/hard_catalog_tail_coast_branch_control_replay/controls/tail_coast_all_one_two_segment_t5_portfolio_branch_005_mask_005_controls.json,d8174ef523a3e0ad649e16446092fe1af22a1d948f1906a7226fa310005b43ff,1.4634779182819704e-05,1.4634779182819704e-05,0,0.62780970394778635,0.6277950691686035,0.17000000000000001,True,False,branch rows use configured objective.thresholds.robust_success,6,8,True,True,optimizer,regularized_001,nominal_post_outage,14,7,4,"persisted accepted controls repropagated against the original CR3BP target with a simple circular solar third-body tidal acceleration; no retuning, no SPICE ephemeris, no high-fidelity validation"
tail_coast_all_one_two_segment_t5_portfolio,branch,5,5,"[1, 1, 1, 1, 1, 0, 1, 1, 1, 1, 1, 1, 1, 1]",180,3.1415926535897931,data/results/hard_catalog_tail_coast_branch_control_replay/controls/tail_coast_all_one_two_segment_t5_portfolio_branch_005_mask_005_controls.json,d8174ef523a3e0ad649e16446092fe1af22a1d948f1906a7226fa310005b43ff,1.4634779182819704e-05,1.4634779182819704e-05,0,0.19126149360438305,0.19124685882520023,0.17000000000000001,True,False,branch rows use configured objective.thresholds.robust_success,6,8,True,True,optimizer,regularized_001,nominal_post_outage,14,7,4,"persisted accepted controls repropagated against the original CR3BP target with a simple circular solar third-body tidal acceleration; no retuning, no SPICE ephemeris, no high-fidelity validation"
tail_coast_all_one_two_segment_t5_portfolio,branch,5,5,"[1, 1, 1, 1, 1, 0, 1, 1, 1, 1, 1, 1, 1, 1]",270,4.7123889803846897,data/results/hard_catalog_tail_coast_branch_control_replay/controls/tail_coast_all_one_two_segment_t5_portfolio_branch_005_mask_005_controls.json,d8174ef523a3e0ad649e16446092fe1af22a1d948f1906a7226fa310005b43ff,1.4634779182819704e-05,1.4634779182819704e-05,0,0.63043874718840753,0.63042411240922469,0.17000000000000001,True,False,branch rows use configured objective.thresholds.robust_success,6,8,True,True,optimizer,regularized_001,nominal_post_outage,14,7,4,"persisted accepted controls repropagated against the original CR3BP target with a simple circular solar third-body tidal acceleration; no retuning, no SPICE ephemeris, no high-fidelity validation"
tail_coast_all_one_two_segment_t5_portfolio,branch,6,6,"[1, 1, 1, 1, 1, 1, 0, 1, 1, 1, 1, 1, 1, 1]",0,0,data/results/hard_catalog_tail_coast_branch_control_replay/controls/tail_coast_all_one_two_segment_t5_portfolio_branch_006_mask_006_controls.json,9a872cbc22dcc277fc2a22486591ca7a3588cbf75f0ee3f39f349c9216eb5f1d,8.0374319154373121e-07,8.0374319154373121e-07,0,1.2669716979109906,1.2669708941677991,0.17000000000000001,True,False,branch rows use configured objective.thresholds.robust_success,7,7,True,True,optimizer,terminal_only,nominal_post_outage,14,7,4,"persisted accepted controls repropagated against the original CR3BP target with a simple circular solar third-body tidal acceleration; no retuning, no SPICE ephemeris, no high-fidelity validation"
tail_coast_all_one_two_segment_t5_portfolio,branch,6,6,"[1, 1, 1, 1, 1, 1, 0, 1, 1, 1, 1, 1, 1, 1]",90,1.5707963267948966,data/results/hard_catalog_tail_coast_branch_control_replay/controls/tail_coast_all_one_two_segment_t5_portfolio_branch_006_mask_006_controls.json,9a872cbc22dcc277fc2a22486591ca7a3588cbf75f0ee3f39f349c9216eb5f1d,8.0374319154373121e-07,8.0374319154373121e-07,0,0.098772207677135501,0.098771403933943958,0.17000000000000001,True,True,branch rows use configured objective.thresholds.robust_success,7,7,True,True,optimizer,terminal_only,nominal_post_outage,14,7,4,"persisted accepted controls repropagated against the original CR3BP target with a simple circular solar third-body tidal acceleration; no retuning, no SPICE ephemeris, no high-fidelity validation"
tail_coast_all_one_two_segment_t5_portfolio,branch,6,6,"[1, 1, 1, 1, 1, 1, 0, 1, 1, 1, 1, 1, 1, 1]",180,3.1415926535897931,data/results/hard_catalog_tail_coast_branch_control_replay/controls/tail_coast_all_one_two_segment_t5_portfolio_branch_006_mask_006_controls.json,9a872cbc22dcc277fc2a22486591ca7a3588cbf75f0ee3f39f349c9216eb5f1d,8.0374319154373121e-07,8.0374319154373121e-07,0,1.2672487500643292,1.2672479463211377,0.17000000000000001,True,False,branch rows use configured objective.thresholds.robust_success,7,7,True,True,optimizer,terminal_only,nominal_post_outage,14,7,4,"persisted accepted controls repropagated against the original CR3BP target with a simple circular solar third-body tidal acceleration; no retuning, no SPICE ephemeris, no high-fidelity validation"
tail_coast_all_one_two_segment_t5_portfolio,branch,6,6,"[1, 1, 1, 1, 1, 1, 0, 1, 1, 1, 1, 1, 1, 1]",270,4.7123889803846897,data/results/hard_catalog_tail_coast_branch_control_replay/controls/tail_coast_all_one_two_segment_t5_portfolio_branch_006_mask_006_controls.json,9a872cbc22dcc277fc2a22486591ca7a3588cbf75f0ee3f39f349c9216eb5f1d,8.0374319154373121e-07,8.0374319154373121e-07,0,0.11426109117295095,0.11426028742975941,0.17000000000000001,True,True,branch rows use configured objective.thresholds.robust_success,7,7,True,True,optimizer,terminal_only,nominal_post_outage,14,7,4,"persisted accepted controls repropagated against the original CR3BP target with a simple circular solar third-body tidal acceleration; no retuning, no SPICE ephemeris, no high-fidelity validation"
tail_coast_all_one_two_segment_t5_portfolio,branch,7,7,"[1, 1, 1, 1, 1, 1, 1, 0, 1, 1, 1, 1, 1, 1]",0,0,data/results/hard_catalog_tail_coast_branch_control_replay/controls/tail_coast_all_one_two_segment_t5_portfolio_branch_007_mask_007_controls.json,99a20f46082f43e92111505de31e75c38792cf5e33403923ba4fb237a4981512,1.5539483518746534e-06,1.5539483518746534e-06,0,2.3472139444689115,2.3472123905205597,0.17000000000000001,True,False,branch rows use configured objective.thresholds.robust_success,8,6,True,True,optimizer,terminal_only,constant_y_minus_0p5,14,7,4,"persisted accepted controls repropagated against the original CR3BP target with a simple circular solar third-body tidal acceleration; no retuning, no SPICE ephemeris, no high-fidelity validation"
tail_coast_all_one_two_segment_t5_portfolio,branch,7,7,"[1, 1, 1, 1, 1, 1, 1, 0, 1, 1, 1, 1, 1, 1]",90,1.5707963267948966,data/results/hard_catalog_tail_coast_branch_control_replay/controls/tail_coast_all_one_two_segment_t5_portfolio_branch_007_mask_007_controls.json,99a20f46082f43e92111505de31e75c38792cf5e33403923ba4fb237a4981512,1.5539483518746534e-06,1.5539483518746534e-06,0,2.6895479238557409,2.6895463699073892,0.17000000000000001,True,False,branch rows use configured objective.thresholds.robust_success,8,6,True,True,optimizer,terminal_only,constant_y_minus_0p5,14,7,4,"persisted accepted controls repropagated against the original CR3BP target with a simple circular solar third-body tidal acceleration; no retuning, no SPICE ephemeris, no high-fidelity validation"
tail_coast_all_one_two_segment_t5_portfolio,branch,7,7,"[1, 1, 1, 1, 1, 1, 1, 0, 1, 1, 1, 1, 1, 1]",180,3.1415926535897931,data/results/hard_catalog_tail_coast_branch_control_replay/controls/tail_coast_all_one_two_segment_t5_portfolio_branch_007_mask_007_controls.json,99a20f46082f43e92111505de31e75c38792cf5e33403923ba4fb237a4981512,1.5539483518746534e-06,1.5539483518746534e-06,0,2.3174487194859017,2.3174471655375499,0.17000000000000001,True,False,branch rows use configured objective.thresholds.robust_success,8,6,True,True,optimizer,terminal_only,constant_y_minus_0p5,14,7,4,"persisted accepted controls repropagated against the original CR3BP target with a simple circular solar third-body tidal acceleration; no retuning, no SPICE ephemeris, no high-fidelity validation"
tail_coast_all_one_two_segment_t5_portfolio,branch,7,7,"[1, 1, 1, 1, 1, 1, 1, 0, 1, 1, 1, 1, 1, 1]",270,4.7123889803846897,data/results/hard_catalog_tail_coast_branch_control_replay/controls/tail_coast_all_one_two_segment_t5_portfolio_branch_007_mask_007_controls.json,99a20f46082f43e92111505de31e75c38792cf5e33403923ba4fb237a4981512,1.5539483518746534e-06,1.5539483518746534e-06,0,2.6906213324568178,2.690619778508466,0.17000000000000001,True,False,branch rows use configured objective.thresholds.robust_success,8,6,True,True,optimizer,terminal_only,constant_y_minus_0p5,14,7,4,"persisted accepted controls repropagated against the original CR3BP target with a simple circular solar third-body tidal acceleration; no retuning, no SPICE ephemeris, no high-fidelity validation"
tail_coast_all_one_two_segment_t5_portfolio,branch,8,8,"[1, 1, 1, 1, 1, 1, 1, 1, 0, 1, 1, 1, 1, 1]",0,0,data/results/hard_catalog_tail_coast_branch_control_replay/controls/tail_coast_all_one_two_segment_t5_portfolio_branch_008_mask_008_controls.json,e748073e4e8afe834191bbec8946c37db11d5eda92ca7f8858a4ae651ee6783c,3.7090883617962675e-06,3.7090883617962675e-06,0,1.5497563438534043,1.5497526347650425,0.17000000000000001,True,False,branch rows use configured objective.thresholds.robust_success,9,5,True,True,optimizer,terminal_only,nominal_post_outage,14,7,4,"persisted accepted controls repropagated against the original CR3BP target with a simple circular solar third-body tidal acceleration; no retuning, no SPICE ephemeris, no high-fidelity validation"
tail_coast_all_one_two_segment_t5_portfolio,branch,8,8,"[1, 1, 1, 1, 1, 1, 1, 1, 0, 1, 1, 1, 1, 1]",90,1.5707963267948966,data/results/hard_catalog_tail_coast_branch_control_replay/controls/tail_coast_all_one_two_segment_t5_portfolio_branch_008_mask_008_controls.json,e748073e4e8afe834191bbec8946c37db11d5eda92ca7f8858a4ae651ee6783c,3.7090883617962675e-06,3.7090883617962675e-06,0,0.40376216146726768,0.4037584523789059,0.17000000000000001,True,False,branch rows use configured objective.thresholds.robust_success,9,5,True,True,optimizer,terminal_only,nominal_post_outage,14,7,4,"persisted accepted controls repropagated against the original CR3BP target with a simple circular solar third-body tidal acceleration; no retuning, no SPICE ephemeris, no high-fidelity validation"
tail_coast_all_one_two_segment_t5_portfolio,branch,8,8,"[1, 1, 1, 1, 1, 1, 1, 1, 0, 1, 1, 1, 1, 1]",180,3.1415926535897931,data/results/hard_catalog_tail_coast_branch_control_replay/controls/tail_coast_all_one_two_segment_t5_portfolio_branch_008_mask_008_controls.json,e748073e4e8afe834191bbec8946c37db11d5eda92ca7f8858a4ae651ee6783c,3.7090883617962675e-06,3.7090883617962675e-06,0,1.549109624562371,1.5491059154740092,0.17000000000000001,True,False,branch rows use configured objective.thresholds.robust_success,9,5,True,True,optimizer,terminal_only,nominal_post_outage,14,7,4,"persisted accepted controls repropagated against the original CR3BP target with a simple circular solar third-body tidal acceleration; no retuning, no SPICE ephemeris, no high-fidelity validation"
tail_coast_all_one_two_segment_t5_portfolio,branch,8,8,"[1, 1, 1, 1, 1, 1, 1, 1, 0, 1, 1, 1, 1, 1]",270,4.7123889803846897,data/results/hard_catalog_tail_coast_branch_control_replay/controls/tail_coast_all_one_two_segment_t5_portfolio_branch_008_mask_008_controls.json,e748073e4e8afe834191bbec8946c37db11d5eda92ca7f8858a4ae651ee6783c,3.7090883617962675e-06,3.7090883617962675e-06,0,0.41812378770712111,0.41812007861875933,0.17000000000000001,True,False,branch rows use configured objective.thresholds.robust_success,9,5,True,True,optimizer,terminal_only,nominal_post_outage,14,7,4,"persisted accepted controls repropagated against the original CR3BP target with a simple circular solar third-body tidal acceleration; no retuning, no SPICE ephemeris, no high-fidelity validation"
tail_coast_all_one_two_segment_t5_portfolio,branch,9,9,"[1, 1, 1, 1, 1, 1, 1, 1, 1, 0, 1, 1, 1, 1]",0,0,data/results/hard_catalog_tail_coast_branch_control_replay/controls/tail_coast_all_one_two_segment_t5_portfolio_branch_009_mask_009_controls.json,bd698e9a952d2aa99661f45650d1b6a41546c4619b5eebcdbe859d9f1a75d89d,1.3421492615961595e-05,1.3421492615961595e-05,0,2.5372215045735196,2.5372080830809036,0.17000000000000001,True,False,branch rows use configured objective.thresholds.robust_success,10,4,True,True,optimizer,regularized_001,nominal_post_outage,14,7,4,"persisted accepted controls repropagated against the original CR3BP target with a simple circular solar third-body tidal acceleration; no retuning, no SPICE ephemeris, no high-fidelity validation"
tail_coast_all_one_two_segment_t5_portfolio,branch,9,9,"[1, 1, 1, 1, 1, 1, 1, 1, 1, 0, 1, 1, 1, 1]",90,1.5707963267948966,data/results/hard_catalog_tail_coast_branch_control_replay/controls/tail_coast_all_one_two_segment_t5_portfolio_branch_009_mask_009_controls.json,bd698e9a952d2aa99661f45650d1b6a41546c4619b5eebcdbe859d9f1a75d89d,1.3421492615961595e-05,1.3421492615961595e-05,0,0.90802647858563657,0.9080130570930206,0.17000000000000001,True,False,branch rows use configured objective.thresholds.robust_success,10,4,True,True,optimizer,regularized_001,nominal_post_outage,14,7,4,"persisted accepted controls repropagated against the original CR3BP target with a simple circular solar third-body tidal acceleration; no retuning, no SPICE ephemeris, no high-fidelity validation"
tail_coast_all_one_two_segment_t5_portfolio,branch,9,9,"[1, 1, 1, 1, 1, 1, 1, 1, 1, 0, 1, 1, 1, 1]",180,3.1415926535897931,data/results/hard_catalog_tail_coast_branch_control_replay/controls/tail_coast_all_one_two_segment_t5_portfolio_branch_009_mask_009_controls.json,bd698e9a952d2aa99661f45650d1b6a41546c4619b5eebcdbe859d9f1a75d89d,1.3421492615961595e-05,1.3421492615961595e-05,0,2.5339390595413169,2.533925638048701,0.17000000000000001,True,False,branch rows use configured objective.thresholds.robust_success,10,4,True,True,optimizer,regularized_001,nominal_post_outage,14,7,4,"persisted accepted controls repropagated against the original CR3BP target with a simple circular solar third-body tidal acceleration; no retuning, no SPICE ephemeris, no high-fidelity validation"
tail_coast_all_one_two_segment_t5_portfolio,branch,9,9,"[1, 1, 1, 1, 1, 1, 1, 1, 1, 0, 1, 1, 1, 1]",270,4.7123889803846897,data/results/hard_catalog_tail_coast_branch_control_replay/controls/tail_coast_all_one_two_segment_t5_portfolio_branch_009_mask_009_controls.json,bd698e9a952d2aa99661f45650d1b6a41546c4619b5eebcdbe859d9f1a75d89d,1.3421492615961595e-05,1.3421492615961595e-05,0,0.92866925538822109,0.92865583389560513,0.17000000000000001,True,False,branch rows use configured objective.thresholds.robust_success,10,4,True,True,optimizer,regularized_001,nominal_post_outage,14,7,4,"persisted accepted controls repropagated against the original CR3BP target with a simple circular solar third-body tidal acceleration; no retuning, no SPICE ephemeris, no high-fidelity validation"
tail_coast_all_one_two_segment_t5_portfolio,branch,10,10,"[1, 1, 1, 1, 1, 1, 1, 1, 1, 1, 0, 1, 1, 1]",0,0,data/results/hard_catalog_tail_coast_branch_control_replay/controls/tail_coast_all_one_two_segment_t5_portfolio_branch_010_mask_010_controls.json,9df5d8c8bad90c3e594a8980ad3e0750c6f4dd43ba9897db38fa972fb5f02460,3.1930104216096969e-05,3.1930104216096969e-05,0,2.5140606097931744,2.5140286796889582,0.17000000000000001,True,False,branch rows use configured objective.thresholds.robust_success,11,3,True,True,optimizer,regularized_001,nominal_post_outage,14,7,4,"persisted accepted controls repropagated against the original CR3BP target with a simple circular solar third-body tidal acceleration; no retuning, no SPICE ephemeris, no high-fidelity validation"
tail_coast_all_one_two_segment_t5_portfolio,branch,10,10,"[1, 1, 1, 1, 1, 1, 1, 1, 1, 1, 0, 1, 1, 1]",90,1.5707963267948966,data/results/hard_catalog_tail_coast_branch_control_replay/controls/tail_coast_all_one_two_segment_t5_portfolio_branch_010_mask_010_controls.json,9df5d8c8bad90c3e594a8980ad3e0750c6f4dd43ba9897db38fa972fb5f02460,3.1930104216096969e-05,3.1930104216096969e-05,0,0.8965966881674019,0.89656475806318581,0.17000000000000001,True,False,branch rows use configured objective.thresholds.robust_success,11,3,True,True,optimizer,regularized_001,nominal_post_outage,14,7,4,"persisted accepted controls repropagated against the original CR3BP target with a simple circular solar third-body tidal acceleration; no retuning, no SPICE ephemeris, no high-fidelity validation"
tail_coast_all_one_two_segment_t5_portfolio,branch,10,10,"[1, 1, 1, 1, 1, 1, 1, 1, 1, 1, 0, 1, 1, 1]",180,3.1415926535897931,data/results/hard_catalog_tail_coast_branch_control_replay/controls/tail_coast_all_one_two_segment_t5_portfolio_branch_010_mask_010_controls.json,9df5d8c8bad90c3e594a8980ad3e0750c6f4dd43ba9897db38fa972fb5f02460,3.1930104216096969e-05,3.1930104216096969e-05,0,2.510794845465254,2.5107629153610378,0.17000000000000001,True,False,branch rows use configured objective.thresholds.robust_success,11,3,True,True,optimizer,regularized_001,nominal_post_outage,14,7,4,"persisted accepted controls repropagated against the original CR3BP target with a simple circular solar third-body tidal acceleration; no retuning, no SPICE ephemeris, no high-fidelity validation"
tail_coast_all_one_two_segment_t5_portfolio,branch,10,10,"[1, 1, 1, 1, 1, 1, 1, 1, 1, 1, 0, 1, 1, 1]",270,4.7123889803846897,data/results/hard_catalog_tail_coast_branch_control_replay/controls/tail_coast_all_one_two_segment_t5_portfolio_branch_010_mask_010_controls.json,9df5d8c8bad90c3e594a8980ad3e0750c6f4dd43ba9897db38fa972fb5f02460,3.1930104216096969e-05,3.1930104216096969e-05,0,0.91699130738731538,0.91695937728309929,0.17000000000000001,True,False,branch rows use configured objective.thresholds.robust_success,11,3,True,True,optimizer,regularized_001,nominal_post_outage,14,7,4,"persisted accepted controls repropagated against the original CR3BP target with a simple circular solar third-body tidal acceleration; no retuning, no SPICE ephemeris, no high-fidelity validation"
tail_coast_all_one_two_segment_t5_portfolio,branch,11,11,"[1, 1, 1, 1, 1, 1, 1, 1, 1, 1, 1, 0, 1, 1]",0,0,data/results/hard_catalog_tail_coast_branch_control_replay/controls/tail_coast_all_one_two_segment_t5_portfolio_branch_011_mask_011_controls.json,cc3e8780d7ecbb4eaf0e5618cb1cc18a410da08d2ad94ad4d4eaf3598596217d,4.899535593841126e-05,4.899535593841126e-05,0,2.4977100476401861,2.4976610522842475,0.17000000000000001,True,False,branch rows use configured objective.thresholds.robust_success,12,2,True,True,optimizer,terminal_only,nominal_post_outage,14,7,4,"persisted accepted controls repropagated against the original CR3BP target with a simple circular solar third-body tidal acceleration; no retuning, no SPICE ephemeris, no high-fidelity validation"
tail_coast_all_one_two_segment_t5_portfolio,branch,11,11,"[1, 1, 1, 1, 1, 1, 1, 1, 1, 1, 1, 0, 1, 1]",90,1.5707963267948966,data/results/hard_catalog_tail_coast_branch_control_replay/controls/tail_coast_all_one_two_segment_t5_portfolio_branch_011_mask_011_controls.json,cc3e8780d7ecbb4eaf0e5618cb1cc18a410da08d2ad94ad4d4eaf3598596217d,4.899535593841126e-05,4.899535593841126e-05,0,0.88810241544841517,0.88805342009247679,0.17000000000000001,True,False,branch rows use configured objective.thresholds.robust_success,12,2,True,True,optimizer,terminal_only,nominal_post_outage,14,7,4,"persisted accepted controls repropagated against the original CR3BP target with a simple circular solar third-body tidal acceleration; no retuning, no SPICE ephemeris, no high-fidelity validation"
tail_coast_all_one_two_segment_t5_portfolio,branch,11,11,"[1, 1, 1, 1, 1, 1, 1, 1, 1, 1, 1, 0, 1, 1]",180,3.1415926535897931,data/results/hard_catalog_tail_coast_branch_control_replay/controls/tail_coast_all_one_two_segment_t5_portfolio_branch_011_mask_011_controls.json,cc3e8780d7ecbb4eaf0e5618cb1cc18a410da08d2ad94ad4d4eaf3598596217d,4.899535593841126e-05,4.899535593841126e-05,0,2.4944535381597972,2.4944045428038586,0.17000000000000001,True,False,branch rows use configured objective.thresholds.robust_success,12,2,True,True,optimizer,terminal_only,nominal_post_outage,14,7,4,"persisted accepted controls repropagated against the original CR3BP target with a simple circular solar third-body tidal acceleration; no retuning, no SPICE ephemeris, no high-fidelity validation"
tail_coast_all_one_two_segment_t5_portfolio,branch,11,11,"[1, 1, 1, 1, 1, 1, 1, 1, 1, 1, 1, 0, 1, 1]",270,4.7123889803846897,data/results/hard_catalog_tail_coast_branch_control_replay/controls/tail_coast_all_one_two_segment_t5_portfolio_branch_011_mask_011_controls.json,cc3e8780d7ecbb4eaf0e5618cb1cc18a410da08d2ad94ad4d4eaf3598596217d,4.899535593841126e-05,4.899535593841126e-05,0,0.90831409414605491,0.90826509879011652,0.17000000000000001,True,False,branch rows use configured objective.thresholds.robust_success,12,2,True,True,optimizer,terminal_only,nominal_post_outage,14,7,4,"persisted accepted controls repropagated against the original CR3BP target with a simple circular solar third-body tidal acceleration; no retuning, no SPICE ephemeris, no high-fidelity validation"
tail_coast_all_one_two_segment_t5_portfolio,branch,12,12,"[1, 1, 1, 1, 1, 1, 1, 1, 1, 1, 1, 1, 0, 1]",0,0,data/results/hard_catalog_tail_coast_branch_control_replay/controls/tail_coast_all_one_two_segment_t5_portfolio_branch_012_mask_012_controls.json,1c169ce2b326a03d694aecd3f4cdb35f08f90f86bd2eed774a9293978ef25465,0.022709449204233009,0.022709449204233009,0,2.4845742551643917,2.4618648059601589,0.17000000000000001,True,False,branch rows use configured objective.thresholds.robust_success,13,1,True,True,optimizer,terminal_only,nominal_post_outage,14,7,4,"persisted accepted controls repropagated against the original CR3BP target with a simple circular solar third-body tidal acceleration; no retuning, no SPICE ephemeris, no high-fidelity validation"
tail_coast_all_one_two_segment_t5_portfolio,branch,12,12,"[1, 1, 1, 1, 1, 1, 1, 1, 1, 1, 1, 1, 0, 1]",90,1.5707963267948966,data/results/hard_catalog_tail_coast_branch_control_replay/controls/tail_coast_all_one_two_segment_t5_portfolio_branch_012_mask_012_controls.json,1c169ce2b326a03d694aecd3f4cdb35f08f90f86bd2eed774a9293978ef25465,0.022709449204233009,0.022709449204233009,0,0.88044325726118189,0.85773380805694888,0.17000000000000001,True,False,branch rows use configured objective.thresholds.robust_success,13,1,True,True,optimizer,terminal_only,nominal_post_outage,14,7,4,"persisted accepted controls repropagated against the original CR3BP target with a simple circular solar third-body tidal acceleration; no retuning, no SPICE ephemeris, no high-fidelity validation"
tail_coast_all_one_two_segment_t5_portfolio,branch,12,12,"[1, 1, 1, 1, 1, 1, 1, 1, 1, 1, 1, 1, 0, 1]",180,3.1415926535897931,data/results/hard_catalog_tail_coast_branch_control_replay/controls/tail_coast_all_one_two_segment_t5_portfolio_branch_012_mask_012_controls.json,1c169ce2b326a03d694aecd3f4cdb35f08f90f86bd2eed774a9293978ef25465,0.022709449204233009,0.022709449204233009,0,2.4813190487531069,2.4586095995488741,0.17000000000000001,True,False,branch rows use configured objective.thresholds.robust_success,13,1,True,True,optimizer,terminal_only,nominal_post_outage,14,7,4,"persisted accepted controls repropagated against the original CR3BP target with a simple circular solar third-body tidal acceleration; no retuning, no SPICE ephemeris, no high-fidelity validation"
tail_coast_all_one_two_segment_t5_portfolio,branch,12,12,"[1, 1, 1, 1, 1, 1, 1, 1, 1, 1, 1, 1, 0, 1]",270,4.7123889803846897,data/results/hard_catalog_tail_coast_branch_control_replay/controls/tail_coast_all_one_two_segment_t5_portfolio_branch_012_mask_012_controls.json,1c169ce2b326a03d694aecd3f4cdb35f08f90f86bd2eed774a9293978ef25465,0.022709449204233009,0.022709449204233009,0,0.90046332603394785,0.87775387682971484,0.17000000000000001,True,False,branch rows use configured objective.thresholds.robust_success,13,1,True,True,optimizer,terminal_only,nominal_post_outage,14,7,4,"persisted accepted controls repropagated against the original CR3BP target with a simple circular solar third-body tidal acceleration; no retuning, no SPICE ephemeris, no high-fidelity validation"
tail_coast_all_one_two_segment_t5_portfolio,branch,13,13,"[1, 1, 1, 1, 1, 1, 1, 1, 1, 1, 1, 1, 1, 0]",0,0,data/results/hard_catalog_tail_coast_branch_control_replay/controls/tail_coast_all_one_two_segment_t5_portfolio_branch_013_mask_013_controls.json,34a31b285f43f8ab0684e43993b7e0b82e12a50fd22344b89367e07041f2210b,0.022992338178558822,0.022992338178558822,0,2.481764912283746,2.4587725741051871,0.17000000000000001,True,False,branch rows use configured objective.thresholds.robust_success,14,0,False,False,no_recovery_variables,regularized_001,no_recovery_variables,14,7,4,"persisted accepted controls repropagated against the original CR3BP target with a simple circular solar third-body tidal acceleration; no retuning, no SPICE ephemeris, no high-fidelity validation"
tail_coast_all_one_two_segment_t5_portfolio,branch,13,13,"[1, 1, 1, 1, 1, 1, 1, 1, 1, 1, 1, 1, 1, 0]",90,1.5707963267948966,data/results/hard_catalog_tail_coast_branch_control_replay/controls/tail_coast_all_one_two_segment_t5_portfolio_branch_013_mask_013_controls.json,34a31b285f43f8ab0684e43993b7e0b82e12a50fd22344b89367e07041f2210b,0.022992338178558822,0.022992338178558822,0,0.8771956029989546,0.85420326482039577,0.17000000000000001,True,False,branch rows use configured objective.thresholds.robust_success,14,0,False,False,no_recovery_variables,regularized_001,no_recovery_variables,14,7,4,"persisted accepted controls repropagated against the original CR3BP target with a simple circular solar third-body tidal acceleration; no retuning, no SPICE ephemeris, no high-fidelity validation"
tail_coast_all_one_two_segment_t5_portfolio,branch,13,13,"[1, 1, 1, 1, 1, 1, 1, 1, 1, 1, 1, 1, 1, 0]",180,3.1415926535897931,data/results/hard_catalog_tail_coast_branch_control_replay/controls/tail_coast_all_one_two_segment_t5_portfolio_branch_013_mask_013_controls.json,34a31b285f43f8ab0684e43993b7e0b82e12a50fd22344b89367e07041f2210b,0.022992338178558822,0.022992338178558822,0,2.4785075189304755,2.4555151807519167,0.17000000000000001,True,False,branch rows use configured objective.thresholds.robust_success,14,0,False,False,no_recovery_variables,regularized_001,no_recovery_variables,14,7,4,"persisted accepted controls repropagated against the original CR3BP target with a simple circular solar third-body tidal acceleration; no retuning, no SPICE ephemeris, no high-fidelity validation"
tail_coast_all_one_two_segment_t5_portfolio,branch,13,13,"[1, 1, 1, 1, 1, 1, 1, 1, 1, 1, 1, 1, 1, 0]",270,4.7123889803846897,data/results/hard_catalog_tail_coast_branch_control_replay/controls/tail_coast_all_one_two_segment_t5_portfolio_branch_013_mask_013_controls.json,34a31b285f43f8ab0684e43993b7e0b82e12a50fd22344b89367e07041f2210b,0.022992338178558822,0.022992338178558822,0,0.89721551726675741,0.87422317908819858,0.17000000000000001,True,False,branch rows use configured objective.thresholds.robust_success,14,0,False,False,no_recovery_variables,regularized_001,no_recovery_variables,14,7,4,"persisted accepted controls repropagated against the original CR3BP target with a simple circular solar third-body tidal acceleration; no retuning, no SPICE ephemeris, no high-fidelity validation"
tail_coast_all_one_two_segment_t5_portfolio,branch,14,14,"[0, 0, 1, 1, 1, 1, 1, 1, 1, 1, 1, 1, 1, 1]",0,0,data/results/hard_catalog_tail_coast_branch_control_replay/controls/tail_coast_all_one_two_segment_t5_portfolio_branch_014_mask_014_controls.json,84bbd88511df35140ceddb6227e193a0d405fe6bcb6616ce0d4150469d13722b,1.1480203677362552e-06,1.1480203677362552e-06,0,1.9411343547815205,1.9411332067611529,0.17000000000000001,True,False,branch rows use configured objective.thresholds.robust_success,2,12,True,True,optimizer,terminal_only,constant_y_minus_0p5,14,7,4,"persisted accepted controls repropagated against the original CR3BP target with a simple circular solar third-body tidal acceleration; no retuning, no SPICE ephemeris, no high-fidelity validation"
tail_coast_all_one_two_segment_t5_portfolio,branch,14,14,"[0, 0, 1, 1, 1, 1, 1, 1, 1, 1, 1, 1, 1, 1]",90,1.5707963267948966,data/results/hard_catalog_tail_coast_branch_control_replay/controls/tail_coast_all_one_two_segment_t5_portfolio_branch_014_mask_014_controls.json,84bbd88511df35140ceddb6227e193a0d405fe6bcb6616ce0d4150469d13722b,1.1480203677362552e-06,1.1480203677362552e-06,0,7.6303053922516737,7.630304244231306,0.17000000000000001,True,False,branch rows use configured objective.thresholds.robust_success,2,12,True,True,optimizer,terminal_only,constant_y_minus_0p5,14,7,4,"persisted accepted controls repropagated against the original CR3BP target with a simple circular solar third-body tidal acceleration; no retuning, no SPICE ephemeris, no high-fidelity validation"
tail_coast_all_one_two_segment_t5_portfolio,branch,14,14,"[0, 0, 1, 1, 1, 1, 1, 1, 1, 1, 1, 1, 1, 1]",180,3.1415926535897931,data/results/hard_catalog_tail_coast_branch_control_replay/controls/tail_coast_all_one_two_segment_t5_portfolio_branch_014_mask_014_controls.json,84bbd88511df35140ceddb6227e193a0d405fe6bcb6616ce0d4150469d13722b,1.1480203677362552e-06,1.1480203677362552e-06,0,1.9606947357981102,1.9606935877777425,0.17000000000000001,True,False,branch rows use configured objective.thresholds.robust_success,2,12,True,True,optimizer,terminal_only,constant_y_minus_0p5,14,7,4,"persisted accepted controls repropagated against the original CR3BP target with a simple circular solar third-body tidal acceleration; no retuning, no SPICE ephemeris, no high-fidelity validation"
tail_coast_all_one_two_segment_t5_portfolio,branch,14,14,"[0, 0, 1, 1, 1, 1, 1, 1, 1, 1, 1, 1, 1, 1]",270,4.7123889803846897,data/results/hard_catalog_tail_coast_branch_control_replay/controls/tail_coast_all_one_two_segment_t5_portfolio_branch_014_mask_014_controls.json,84bbd88511df35140ceddb6227e193a0d405fe6bcb6616ce0d4150469d13722b,1.1480203677362552e-06,1.1480203677362552e-06,0,37.759623329573266,37.759622181552899,0.17000000000000001,True,False,branch rows use configured objective.thresholds.robust_success,2,12,True,True,optimizer,terminal_only,constant_y_minus_0p5,14,7,4,"persisted accepted controls repropagated against the original CR3BP target with a simple circular solar third-body tidal acceleration; no retuning, no SPICE ephemeris, no high-fidelity validation"
tail_coast_all_one_two_segment_t5_portfolio,branch,15,15,"[1, 0, 0, 1, 1, 1, 1, 1, 1, 1, 1, 1, 1, 1]",0,0,data/results/hard_catalog_tail_coast_branch_control_replay/controls/tail_coast_all_one_two_segment_t5_portfolio_branch_015_mask_015_controls.json,7a6e1db834b8ac8536692444cf394d78c3d41f9686ab82d1da077c58d68c45c5,1.1759801387075436e-06,1.1759801387075436e-06,0,0.10770314900936996,0.10770197302923125,0.17000000000000001,True,True,branch rows use configured objective.thresholds.robust_success,3,11,True,True,optimizer,terminal_only,nominal_post_outage,14,7,4,"persisted accepted controls repropagated against the original CR3BP target with a simple circular solar third-body tidal acceleration; no retuning, no SPICE ephemeris, no high-fidelity validation"
tail_coast_all_one_two_segment_t5_portfolio,branch,15,15,"[1, 0, 0, 1, 1, 1, 1, 1, 1, 1, 1, 1, 1, 1]",90,1.5707963267948966,data/results/hard_catalog_tail_coast_branch_control_replay/controls/tail_coast_all_one_two_segment_t5_portfolio_branch_015_mask_015_controls.json,7a6e1db834b8ac8536692444cf394d78c3d41f9686ab82d1da077c58d68c45c5,1.1759801387075436e-06,1.1759801387075436e-06,0,0.10979364456318608,0.10979246858304736,0.17000000000000001,True,True,branch rows use configured objective.thresholds.robust_success,3,11,True,True,optimizer,terminal_only,nominal_post_outage,14,7,4,"persisted accepted controls repropagated against the original CR3BP target with a simple circular solar third-body tidal acceleration; no retuning, no SPICE ephemeris, no high-fidelity validation"
tail_coast_all_one_two_segment_t5_portfolio,branch,15,15,"[1, 0, 0, 1, 1, 1, 1, 1, 1, 1, 1, 1, 1, 1]",180,3.1415926535897931,data/results/hard_catalog_tail_coast_branch_control_replay/controls/tail_coast_all_one_two_segment_t5_portfolio_branch_015_mask_015_controls.json,7a6e1db834b8ac8536692444cf394d78c3d41f9686ab82d1da077c58d68c45c5,1.1759801387075436e-06,1.1759801387075436e-06,0,0.10839554901399946,0.10839437303386075,0.17000000000000001,True,True,branch rows use configured objective.thresholds.robust_success,3,11,True,True,optimizer,terminal_only,nominal_post_outage,14,7,4,"persisted accepted controls repropagated against the original CR3BP target with a simple circular solar third-body tidal acceleration; no retuning, no SPICE ephemeris, no high-fidelity validation"
tail_coast_all_one_two_segment_t5_portfolio,branch,15,15,"[1, 0, 0, 1, 1, 1, 1, 1, 1, 1, 1, 1, 1, 1]",270,4.7123889803846897,data/results/hard_catalog_tail_coast_branch_control_replay/controls/tail_coast_all_one_two_segment_t5_portfolio_branch_015_mask_015_controls.json,7a6e1db834b8ac8536692444cf394d78c3d41f9686ab82d1da077c58d68c45c5,1.1759801387075436e-06,1.1759801387075436e-06,0,0.11030858527931109,0.11030740929917238,0.17000000000000001,True,True,branch rows use configured objective.thresholds.robust_success,3,11,True,True,optimizer,terminal_only,nominal_post_outage,14,7,4,"persisted accepted controls repropagated against the original CR3BP target with a simple circular solar third-body tidal acceleration; no retuning, no SPICE ephemeris, no high-fidelity validation"
tail_coast_all_one_two_segment_t5_portfolio,branch,16,16,"[1, 1, 0, 0, 1, 1, 1, 1, 1, 1, 1, 1, 1, 1]",0,0,data/results/hard_catalog_tail_coast_branch_control_replay/controls/tail_coast_all_one_two_segment_t5_portfolio_branch_016_mask_016_controls.json,b0da49e520befc4d0a31270b759be89b086ac6b44e45c0833f3db3d102b84140,5.8568755795668533e-06,5.8568755795668533e-06,0,0.22876966221693421,0.22876380534135463,0.17000000000000001,True,False,branch rows use configured objective.thresholds.robust_success,4,10,True,True,optimizer,terminal_only,nominal_post_outage,14,7,4,"persisted accepted controls repropagated against the original CR3BP target with a simple circular solar third-body tidal acceleration; no retuning, no SPICE ephemeris, no high-fidelity validation"
tail_coast_all_one_two_segment_t5_portfolio,branch,16,16,"[1, 1, 0, 0, 1, 1, 1, 1, 1, 1, 1, 1, 1, 1]",90,1.5707963267948966,data/results/hard_catalog_tail_coast_branch_control_replay/controls/tail_coast_all_one_two_segment_t5_portfolio_branch_016_mask_016_controls.json,b0da49e520befc4d0a31270b759be89b086ac6b44e45c0833f3db3d102b84140,5.8568755795668533e-06,5.8568755795668533e-06,0,0.16477720734043017,0.16477135046485059,0.17000000000000001,True,True,branch rows use configured objective.thresholds.robust_success,4,10,True,True,optimizer,terminal_only,nominal_post_outage,14,7,4,"persisted accepted controls repropagated against the original CR3BP target with a simple circular solar third-body tidal acceleration; no retuning, no SPICE ephemeris, no high-fidelity validation"
tail_coast_all_one_two_segment_t5_portfolio,branch,16,16,"[1, 1, 0, 0, 1, 1, 1, 1, 1, 1, 1, 1, 1, 1]",180,3.1415926535897931,data/results/hard_catalog_tail_coast_branch_control_replay/controls/tail_coast_all_one_two_segment_t5_portfolio_branch_016_mask_016_controls.json,b0da49e520befc4d0a31270b759be89b086ac6b44e45c0833f3db3d102b84140,5.8568755795668533e-06,5.8568755795668533e-06,0,0.23010088745398358,0.230095030578404,0.17000000000000001,True,False,branch rows use configured objective.thresholds.robust_success,4,10,True,True,optimizer,terminal_only,nominal_post_outage,14,7,4,"persisted accepted controls repropagated against the original CR3BP target with a simple circular solar third-body tidal acceleration; no retuning, no SPICE ephemeris, no high-fidelity validation"
tail_coast_all_one_two_segment_t5_portfolio,branch,16,16,"[1, 1, 0, 0, 1, 1, 1, 1, 1, 1, 1, 1, 1, 1]",270,4.7123889803846897,data/results/hard_catalog_tail_coast_branch_control_replay/controls/tail_coast_all_one_two_segment_t5_portfolio_branch_016_mask_016_controls.json,b0da49e520befc4d0a31270b759be89b086ac6b44e45c0833f3db3d102b84140,5.8568755795668533e-06,5.8568755795668533e-06,0,0.16778559642426144,0.16777973954868186,0.17000000000000001,True,True,branch rows use configured objective.thresholds.robust_success,4,10,True,True,optimizer,terminal_only,nominal_post_outage,14,7,4,"persisted accepted controls repropagated against the original CR3BP target with a simple circular solar third-body tidal acceleration; no retuning, no SPICE ephemeris, no high-fidelity validation"
tail_coast_all_one_two_segment_t5_portfolio,branch,17,17,"[1, 1, 1, 0, 0, 1, 1, 1, 1, 1, 1, 1, 1, 1]",0,0,data/results/hard_catalog_tail_coast_branch_control_replay/controls/tail_coast_all_one_two_segment_t5_portfolio_branch_017_mask_017_controls.json,225084c4e3c223c76a71f058d0f6093d7d70768255f0eb2559641e9432b979ab,3.4659021044849007e-06,3.4659021044849007e-06,0,0.14557158033250236,0.14556811443039788,0.17000000000000001,True,True,branch rows use configured objective.thresholds.robust_success,5,9,True,True,optimizer,terminal_only,nominal_post_outage,14,7,4,"persisted accepted controls repropagated against the original CR3BP target with a simple circular solar third-body tidal acceleration; no retuning, no SPICE ephemeris, no high-fidelity validation"
tail_coast_all_one_two_segment_t5_portfolio,branch,17,17,"[1, 1, 1, 0, 0, 1, 1, 1, 1, 1, 1, 1, 1, 1]",90,1.5707963267948966,data/results/hard_catalog_tail_coast_branch_control_replay/controls/tail_coast_all_one_two_segment_t5_portfolio_branch_017_mask_017_controls.json,225084c4e3c223c76a71f058d0f6093d7d70768255f0eb2559641e9432b979ab,3.4659021044849007e-06,3.4659021044849007e-06,0,0.1244561413839412,0.12445267548183672,0.17000000000000001,True,True,branch rows use configured objective.thresholds.robust_success,5,9,True,True,optimizer,terminal_only,nominal_post_outage,14,7,4,"persisted accepted controls repropagated against the original CR3BP target with a simple circular solar third-body tidal acceleration; no retuning, no SPICE ephemeris, no high-fidelity validation"
tail_coast_all_one_two_segment_t5_portfolio,branch,17,17,"[1, 1, 1, 0, 0, 1, 1, 1, 1, 1, 1, 1, 1, 1]",180,3.1415926535897931,data/results/hard_catalog_tail_coast_branch_control_replay/controls/tail_coast_all_one_two_segment_t5_portfolio_branch_017_mask_017_controls.json,225084c4e3c223c76a71f058d0f6093d7d70768255f0eb2559641e9432b979ab,3.4659021044849007e-06,3.4659021044849007e-06,0,0.1425901453231474,0.14258667942104292,0.17000000000000001,True,True,branch rows use configured objective.thresholds.robust_success,5,9,True,True,optimizer,terminal_only,nominal_post_outage,14,7,4,"persisted accepted controls repropagated against the original CR3BP target with a simple circular solar third-body tidal acceleration; no retuning, no SPICE ephemeris, no high-fidelity validation"
tail_coast_all_one_two_segment_t5_portfolio,branch,17,17,"[1, 1, 1, 0, 0, 1, 1, 1, 1, 1, 1, 1, 1, 1]",270,4.7123889803846897,data/results/hard_catalog_tail_coast_branch_control_replay/controls/tail_coast_all_one_two_segment_t5_portfolio_branch_017_mask_017_controls.json,225084c4e3c223c76a71f058d0f6093d7d70768255f0eb2559641e9432b979ab,3.4659021044849007e-06,3.4659021044849007e-06,0,0.1249465662691935,0.12494310036708901,0.17000000000000001,True,True,branch rows use configured objective.thresholds.robust_success,5,9,True,True,optimizer,terminal_only,nominal_post_outage,14,7,4,"persisted accepted controls repropagated against the original CR3BP target with a simple circular solar third-body tidal acceleration; no retuning, no SPICE ephemeris, no high-fidelity validation"
tail_coast_all_one_two_segment_t5_portfolio,branch,18,18,"[1, 1, 1, 1, 0, 0, 1, 1, 1, 1, 1, 1, 1, 1]",0,0,data/results/hard_catalog_tail_coast_branch_control_replay/controls/tail_coast_all_one_two_segment_t5_portfolio_branch_018_mask_018_controls.json,2ecf498e3ba4aebf4c3fe7283b2055cca7af7fd65732b180b4fe46d1e878c3d3,4.8147313193323963e-07,4.8147313193323963e-07,0,0.049436748000739834,0.049436266527607901,0.17000000000000001,True,True,branch rows use configured objective.thresholds.robust_success,6,8,True,True,optimizer,terminal_only,nominal_post_outage,14,7,4,"persisted accepted controls repropagated against the original CR3BP target with a simple circular solar third-body tidal acceleration; no retuning, no SPICE ephemeris, no high-fidelity validation"
tail_coast_all_one_two_segment_t5_portfolio,branch,18,18,"[1, 1, 1, 1, 0, 0, 1, 1, 1, 1, 1, 1, 1, 1]",90,1.5707963267948966,data/results/hard_catalog_tail_coast_branch_control_replay/controls/tail_coast_all_one_two_segment_t5_portfolio_branch_018_mask_018_controls.json,2ecf498e3ba4aebf4c3fe7283b2055cca7af7fd65732b180b4fe46d1e878c3d3,4.8147313193323963e-07,4.8147313193323963e-07,0,0.1489657426058969,0.14896526113276495,0.17000000000000001,True,True,branch rows use configured objective.thresholds.robust_success,6,8,True,True,optimizer,terminal_only,nominal_post_outage,14,7,4,"persisted accepted controls repropagated against the original CR3BP target with a simple circular solar third-body tidal acceleration; no retuning, no SPICE ephemeris, no high-fidelity validation"
tail_coast_all_one_two_segment_t5_portfolio,branch,18,18,"[1, 1, 1, 1, 0, 0, 1, 1, 1, 1, 1, 1, 1, 1]",180,3.1415926535897931,data/results/hard_catalog_tail_coast_branch_control_replay/controls/tail_coast_all_one_two_segment_t5_portfolio_branch_018_mask_018_controls.json,2ecf498e3ba4aebf4c3fe7283b2055cca7af7fd65732b180b4fe46d1e878c3d3,4.8147313193323963e-07,4.8147313193323963e-07,0,0.050242779992551098,0.050242298519419165,0.17000000000000001,True,True,branch rows use configured objective.thresholds.robust_success,6,8,True,True,optimizer,terminal_only,nominal_post_outage,14,7,4,"persisted accepted controls repropagated against the original CR3BP target with a simple circular solar third-body tidal acceleration; no retuning, no SPICE ephemeris, no high-fidelity validation"
tail_coast_all_one_two_segment_t5_portfolio,branch,18,18,"[1, 1, 1, 1, 0, 0, 1, 1, 1, 1, 1, 1, 1, 1]",270,4.7123889803846897,data/results/hard_catalog_tail_coast_branch_control_replay/controls/tail_coast_all_one_two_segment_t5_portfolio_branch_018_mask_018_controls.json,2ecf498e3ba4aebf4c3fe7283b2055cca7af7fd65732b180b4fe46d1e878c3d3,4.8147313193323963e-07,4.8147313193323963e-07,0,0.14996412461564801,0.14996364314251606,0.17000000000000001,True,True,branch rows use configured objective.thresholds.robust_success,6,8,True,True,optimizer,terminal_only,nominal_post_outage,14,7,4,"persisted accepted controls repropagated against the original CR3BP target with a simple circular solar third-body tidal acceleration; no retuning, no SPICE ephemeris, no high-fidelity validation"
tail_coast_all_one_two_segment_t5_portfolio,branch,19,19,"[1, 1, 1, 1, 1, 0, 0, 1, 1, 1, 1, 1, 1, 1]",0,0,data/results/hard_catalog_tail_coast_branch_control_replay/controls/tail_coast_all_one_two_segment_t5_portfolio_branch_019_mask_019_controls.json,120dec13316c394a7e11e9f409c2ce8467f76ce467f0347e83699a35b3c8936d,6.9512303788374262e-06,6.9512303788374262e-06,0,0.21311982719006176,0.21311287595968292,0.17000000000000001,True,False,branch rows use configured objective.thresholds.robust_success,7,7,True,True,optimizer,terminal_only,nominal_post_outage,14,7,4,"persisted accepted controls repropagated against the original CR3BP target with a simple circular solar third-body tidal acceleration; no retuning, no SPICE ephemeris, no high-fidelity validation"
tail_coast_all_one_two_segment_t5_portfolio,branch,19,19,"[1, 1, 1, 1, 1, 0, 0, 1, 1, 1, 1, 1, 1, 1]",90,1.5707963267948966,data/results/hard_catalog_tail_coast_branch_control_replay/controls/tail_coast_all_one_two_segment_t5_portfolio_branch_019_mask_019_controls.json,120dec13316c394a7e11e9f409c2ce8467f76ce467f0347e83699a35b3c8936d,6.9512303788374262e-06,6.9512303788374262e-06,0,1.1062593357515045,1.1062523845211256,0.17000000000000001,True,False,branch rows use configured objective.thresholds.robust_success,7,7,True,True,optimizer,terminal_only,nominal_post_outage,14,7,4,"persisted accepted controls repropagated against the original CR3BP target with a simple circular solar third-body tidal acceleration; no retuning, no SPICE ephemeris, no high-fidelity validation"
tail_coast_all_one_two_segment_t5_portfolio,branch,19,19,"[1, 1, 1, 1, 1, 0, 0, 1, 1, 1, 1, 1, 1, 1]",180,3.1415926535897931,data/results/hard_catalog_tail_coast_branch_control_replay/controls/tail_coast_all_one_two_segment_t5_portfolio_branch_019_mask_019_controls.json,120dec13316c394a7e11e9f409c2ce8467f76ce467f0347e83699a35b3c8936d,6.9512303788374262e-06,6.9512303788374262e-06,0,0.2115308028329396,0.21152385160256076,0.17000000000000001,True,False,branch rows use configured objective.thresholds.robust_success,7,7,True,True,optimizer,terminal_only,nominal_post_outage,14,7,4,"persisted accepted controls repropagated against the original CR3BP target with a simple circular solar third-body tidal acceleration; no retuning, no SPICE ephemeris, no high-fidelity validation"
tail_coast_all_one_two_segment_t5_portfolio,branch,19,19,"[1, 1, 1, 1, 1, 0, 0, 1, 1, 1, 1, 1, 1, 1]",270,4.7123889803846897,data/results/hard_catalog_tail_coast_branch_control_replay/controls/tail_coast_all_one_two_segment_t5_portfolio_branch_019_mask_019_controls.json,120dec13316c394a7e11e9f409c2ce8467f76ce467f0347e83699a35b3c8936d,6.9512303788374262e-06,6.9512303788374262e-06,0,1.1108706978921945,1.1108637466618156,0.17000000000000001,True,False,branch rows use configured objective.thresholds.robust_success,7,7,True,True,optimizer,terminal_only,nominal_post_outage,14,7,4,"persisted accepted controls repropagated against the original CR3BP target with a simple circular solar third-body tidal acceleration; no retuning, no SPICE ephemeris, no high-fidelity validation"
tail_coast_all_one_two_segment_t5_portfolio,branch,20,20,"[1, 1, 1, 1, 1, 1, 0, 0, 1, 1, 1, 1, 1, 1]",0,0,data/results/hard_catalog_tail_coast_branch_control_replay/controls/tail_coast_all_one_two_segment_t5_portfolio_branch_020_mask_020_controls.json,e5fb1bcd25c8d6d1a67614c4933b5e9e6acd9b75327e00e0ffad6ec23038eea1,7.1977935242717442e-07,7.1977935242717442e-07,0,0.86222008038664033,0.86221936060728788,0.17000000000000001,True,False,branch rows use configured objective.thresholds.robust_success,8,6,True,True,optimizer,terminal_only,constant_x_minus_0p5,14,7,4,"persisted accepted controls repropagated against the original CR3BP target with a simple circular solar third-body tidal acceleration; no retuning, no SPICE ephemeris, no high-fidelity validation"
tail_coast_all_one_two_segment_t5_portfolio,branch,20,20,"[1, 1, 1, 1, 1, 1, 0, 0, 1, 1, 1, 1, 1, 1]",90,1.5707963267948966,data/results/hard_catalog_tail_coast_branch_control_replay/controls/tail_coast_all_one_two_segment_t5_portfolio_branch_020_mask_020_controls.json,e5fb1bcd25c8d6d1a67614c4933b5e9e6acd9b75327e00e0ffad6ec23038eea1,7.1977935242717442e-07,7.1977935242717442e-07,0,0.75405330947383509,0.75405258969448263,0.17000000000000001,True,False,branch rows use configured objective.thresholds.robust_success,8,6,True,True,optimizer,terminal_only,constant_x_minus_0p5,14,7,4,"persisted accepted controls repropagated against the original CR3BP target with a simple circular solar third-body tidal acceleration; no retuning, no SPICE ephemeris, no high-fidelity validation"
tail_coast_all_one_two_segment_t5_portfolio,branch,20,20,"[1, 1, 1, 1, 1, 1, 0, 0, 1, 1, 1, 1, 1, 1]",180,3.1415926535897931,data/results/hard_catalog_tail_coast_branch_control_replay/controls/tail_coast_all_one_two_segment_t5_portfolio_branch_020_mask_020_controls.json,e5fb1bcd25c8d6d1a67614c4933b5e9e6acd9b75327e00e0ffad6ec23038eea1,7.1977935242717442e-07,7.1977935242717442e-07,0,0.86147624150621793,0.86147552172686548,0.17000000000000001,True,False,branch rows use configured objective.thresholds.robust_success,8,6,True,True,optimizer,terminal_only,constant_x_minus_0p5,14,7,4,"persisted accepted controls repropagated against the original CR3BP target with a simple circular solar third-body tidal acceleration; no retuning, no SPICE ephemeris, no high-fidelity validation"
tail_coast_all_one_two_segment_t5_portfolio,branch,20,20,"[1, 1, 1, 1, 1, 1, 0, 0, 1, 1, 1, 1, 1, 1]",270,4.7123889803846897,data/results/hard_catalog_tail_coast_branch_control_replay/controls/tail_coast_all_one_two_segment_t5_portfolio_branch_020_mask_020_controls.json,e5fb1bcd25c8d6d1a67614c4933b5e9e6acd9b75327e00e0ffad6ec23038eea1,7.1977935242717442e-07,7.1977935242717442e-07,0,0.7614381778072935,0.76143745802794105,0.17000000000000001,True,False,branch rows use configured objective.thresholds.robust_success,8,6,True,True,optimizer,terminal_only,constant_x_minus_0p5,14,7,4,"persisted accepted controls repropagated against the original CR3BP target with a simple circular solar third-body tidal acceleration; no retuning, no SPICE ephemeris, no high-fidelity validation"
tail_coast_all_one_two_segment_t5_portfolio,branch,21,21,"[1, 1, 1, 1, 1, 1, 1, 0, 0, 1, 1, 1, 1, 1]",0,0,data/results/hard_catalog_tail_coast_branch_control_replay/controls/tail_coast_all_one_two_segment_t5_portfolio_branch_021_mask_021_controls.json,1ba787bc23e4193dbbb4b8fb1102998dcfc62707f5ea8ccc8d799aaeb784b6b4,2.5413564049365552e-06,2.5413564049365552e-06,0,4.2166800158458386,4.2166774744894333,0.17000000000000001,True,False,branch rows use configured objective.thresholds.robust_success,9,5,True,True,optimizer,terminal_only,constant_x_plus_0p5,14,7,4,"persisted accepted controls repropagated against the original CR3BP target with a simple circular solar third-body tidal acceleration; no retuning, no SPICE ephemeris, no high-fidelity validation"
tail_coast_all_one_two_segment_t5_portfolio,branch,21,21,"[1, 1, 1, 1, 1, 1, 1, 0, 0, 1, 1, 1, 1, 1]",90,1.5707963267948966,data/results/hard_catalog_tail_coast_branch_control_replay/controls/tail_coast_all_one_two_segment_t5_portfolio_branch_021_mask_021_controls.json,1ba787bc23e4193dbbb4b8fb1102998dcfc62707f5ea8ccc8d799aaeb784b6b4,2.5413564049365552e-06,2.5413564049365552e-06,0,3.978035115521354,3.9780325741649492,0.17000000000000001,True,False,branch rows use configured objective.thresholds.robust_success,9,5,True,True,optimizer,terminal_only,constant_x_plus_0p5,14,7,4,"persisted accepted controls repropagated against the original CR3BP target with a simple circular solar third-body tidal acceleration; no retuning, no SPICE ephemeris, no high-fidelity validation"
tail_coast_all_one_two_segment_t5_portfolio,branch,21,21,"[1, 1, 1, 1, 1, 1, 1, 0, 0, 1, 1, 1, 1, 1]",180,3.1415926535897931,data/results/hard_catalog_tail_coast_branch_control_replay/controls/tail_coast_all_one_two_segment_t5_portfolio_branch_021_mask_021_controls.json,1ba787bc23e4193dbbb4b8fb1102998dcfc62707f5ea8ccc8d799aaeb784b6b4,2.5413564049365552e-06,2.5413564049365552e-06,0,4.2034968075538055,4.2034942661974002,0.17000000000000001,True,False,branch rows use configured objective.thresholds.robust_success,9,5,True,True,optimizer,terminal_only,constant_x_plus_0p5,14,7,4,"persisted accepted controls repropagated against the original CR3BP target with a simple circular solar third-body tidal acceleration; no retuning, no SPICE ephemeris, no high-fidelity validation"
tail_coast_all_one_two_segment_t5_portfolio,branch,21,21,"[1, 1, 1, 1, 1, 1, 1, 0, 0, 1, 1, 1, 1, 1]",270,4.7123889803846897,data/results/hard_catalog_tail_coast_branch_control_replay/controls/tail_coast_all_one_two_segment_t5_portfolio_branch_021_mask_021_controls.json,1ba787bc23e4193dbbb4b8fb1102998dcfc62707f5ea8ccc8d799aaeb784b6b4,2.5413564049365552e-06,2.5413564049365552e-06,0,3.9798741907915667,3.9798716494351618,0.17000000000000001,True,False,branch rows use configured objective.thresholds.robust_success,9,5,True,True,optimizer,terminal_only,constant_x_plus_0p5,14,7,4,"persisted accepted controls repropagated against the original CR3BP target with a simple circular solar third-body tidal acceleration; no retuning, no SPICE ephemeris, no high-fidelity validation"
tail_coast_all_one_two_segment_t5_portfolio,branch,22,22,"[1, 1, 1, 1, 1, 1, 1, 1, 0, 0, 1, 1, 1, 1]",0,0,data/results/hard_catalog_tail_coast_branch_control_replay/controls/tail_coast_all_one_two_segment_t5_portfolio_branch_022_mask_022_controls.json,85cd6ef61d77c183752b6de4f698049c8c7b61f6fe5a27c52c4bfff9df18162d,0.093606393170930099,0.093606393170930099,0,1.2263489257093063,1.1327425325383762,0.17000000000000001,True,False,branch rows use configured objective.thresholds.robust_success,10,4,True,True,optimizer,terminal_only,nominal_post_outage,14,7,4,"persisted accepted controls repropagated against the original CR3BP target with a simple circular solar third-body tidal acceleration; no retuning, no SPICE ephemeris, no high-fidelity validation"
tail_coast_all_one_two_segment_t5_portfolio,branch,22,22,"[1, 1, 1, 1, 1, 1, 1, 1, 0, 0, 1, 1, 1, 1]",90,1.5707963267948966,data/results/hard_catalog_tail_coast_branch_control_replay/controls/tail_coast_all_one_two_segment_t5_portfolio_branch_022_mask_022_controls.json,85cd6ef61d77c183752b6de4f698049c8c7b61f6fe5a27c52c4bfff9df18162d,0.093606393170930099,0.093606393170930099,0,0.40426903328308017,0.31066264011215006,0.17000000000000001,True,False,branch rows use configured objective.thresholds.robust_success,10,4,True,True,optimizer,terminal_only,nominal_post_outage,14,7,4,"persisted accepted controls repropagated against the original CR3BP target with a simple circular solar third-body tidal acceleration; no retuning, no SPICE ephemeris, no high-fidelity validation"
tail_coast_all_one_two_segment_t5_portfolio,branch,22,22,"[1, 1, 1, 1, 1, 1, 1, 1, 0, 0, 1, 1, 1, 1]",180,3.1415926535897931,data/results/hard_catalog_tail_coast_branch_control_replay/controls/tail_coast_all_one_two_segment_t5_portfolio_branch_022_mask_022_controls.json,85cd6ef61d77c183752b6de4f698049c8c7b61f6fe5a27c52c4bfff9df18162d,0.093606393170930099,0.093606393170930099,0,1.2259569147140437,1.1323505215431136,0.17000000000000001,True,False,branch rows use configured objective.thresholds.robust_success,10,4,True,True,optimizer,terminal_only,nominal_post_outage,14,7,4,"persisted accepted controls repropagated against the original CR3BP target with a simple circular solar third-body tidal acceleration; no retuning, no SPICE ephemeris, no high-fidelity validation"
tail_coast_all_one_two_segment_t5_portfolio,branch,22,22,"[1, 1, 1, 1, 1, 1, 1, 1, 0, 0, 1, 1, 1, 1]",270,4.7123889803846897,data/results/hard_catalog_tail_coast_branch_control_replay/controls/tail_coast_all_one_two_segment_t5_portfolio_branch_022_mask_022_controls.json,85cd6ef61d77c183752b6de4f698049c8c7b61f6fe5a27c52c4bfff9df18162d,0.093606393170930099,0.093606393170930099,0,0.41239849895287961,0.3187921057819495,0.17000000000000001,True,False,branch rows use configured objective.thresholds.robust_success,10,4,True,True,optimizer,terminal_only,nominal_post_outage,14,7,4,"persisted accepted controls repropagated against the original CR3BP target with a simple circular solar third-body tidal acceleration; no retuning, no SPICE ephemeris, no high-fidelity validation"
tail_coast_all_one_two_segment_t5_portfolio,branch,23,23,"[1, 1, 1, 1, 1, 1, 1, 1, 1, 0, 0, 1, 1, 1]",0,0,data/results/hard_catalog_tail_coast_branch_control_replay/controls/tail_coast_all_one_two_segment_t5_portfolio_branch_023_mask_023_controls.json,e159301be65c1d3241a21720d1de76a6c76b7554693988ed648a6c4c1f7367eb,3.1930104216096969e-05,3.1930104216096969e-05,0,2.5140606097931744,2.5140286796889582,0.17000000000000001,True,False,branch rows use configured objective.thresholds.robust_success,11,3,True,True,optimizer,regularized_001,nominal_post_outage,14,7,4,"persisted accepted controls repropagated against the original CR3BP target with a simple circular solar third-body tidal acceleration; no retuning, no SPICE ephemeris, no high-fidelity validation"
tail_coast_all_one_two_segment_t5_portfolio,branch,23,23,"[1, 1, 1, 1, 1, 1, 1, 1, 1, 0, 0, 1, 1, 1]",90,1.5707963267948966,data/results/hard_catalog_tail_coast_branch_control_replay/controls/tail_coast_all_one_two_segment_t5_portfolio_branch_023_mask_023_controls.json,e159301be65c1d3241a21720d1de76a6c76b7554693988ed648a6c4c1f7367eb,3.1930104216096969e-05,3.1930104216096969e-05,0,0.8965966881674019,0.89656475806318581,0.17000000000000001,True,False,branch rows use configured objective.thresholds.robust_success,11,3,True,True,optimizer,regularized_001,nominal_post_outage,14,7,4,"persisted accepted controls repropagated against the original CR3BP target with a simple circular solar third-body tidal acceleration; no retuning, no SPICE ephemeris, no high-fidelity validation"
tail_coast_all_one_two_segment_t5_portfolio,branch,23,23,"[1, 1, 1, 1, 1, 1, 1, 1, 1, 0, 0, 1, 1, 1]",180,3.1415926535897931,data/results/hard_catalog_tail_coast_branch_control_replay/controls/tail_coast_all_one_two_segment_t5_portfolio_branch_023_mask_023_controls.json,e159301be65c1d3241a21720d1de76a6c76b7554693988ed648a6c4c1f7367eb,3.1930104216096969e-05,3.1930104216096969e-05,0,2.510794845465254,2.5107629153610378,0.17000000000000001,True,False,branch rows use configured objective.thresholds.robust_success,11,3,True,True,optimizer,regularized_001,nominal_post_outage,14,7,4,"persisted accepted controls repropagated against the original CR3BP target with a simple circular solar third-body tidal acceleration; no retuning, no SPICE ephemeris, no high-fidelity validation"
tail_coast_all_one_two_segment_t5_portfolio,branch,23,23,"[1, 1, 1, 1, 1, 1, 1, 1, 1, 0, 0, 1, 1, 1]",270,4.7123889803846897,data/results/hard_catalog_tail_coast_branch_control_replay/controls/tail_coast_all_one_two_segment_t5_portfolio_branch_023_mask_023_controls.json,e159301be65c1d3241a21720d1de76a6c76b7554693988ed648a6c4c1f7367eb,3.1930104216096969e-05,3.1930104216096969e-05,0,0.91699130738731538,0.91695937728309929,0.17000000000000001,True,False,branch rows use configured objective.thresholds.robust_success,11,3,True,True,optimizer,regularized_001,nominal_post_outage,14,7,4,"persisted accepted controls repropagated against the original CR3BP target with a simple circular solar third-body tidal acceleration; no retuning, no SPICE ephemeris, no high-fidelity validation"
tail_coast_all_one_two_segment_t5_portfolio,branch,24,24,"[1, 1, 1, 1, 1, 1, 1, 1, 1, 1, 0, 0, 1, 1]",0,0,data/results/hard_catalog_tail_coast_branch_control_replay/controls/tail_coast_all_one_two_segment_t5_portfolio_branch_024_mask_024_controls.json,90c2ab0d2d407a83d92adaa97da3a17f879b9e785fb03b43cd3cfa41b6ee3905,4.899535593841126e-05,4.899535593841126e-05,0,2.4977100476401861,2.4976610522842475,0.17000000000000001,True,False,branch rows use configured objective.thresholds.robust_success,12,2,True,True,optimizer,terminal_only,nominal_post_outage,14,7,4,"persisted accepted controls repropagated against the original CR3BP target with a simple circular solar third-body tidal acceleration; no retuning, no SPICE ephemeris, no high-fidelity validation"
tail_coast_all_one_two_segment_t5_portfolio,branch,24,24,"[1, 1, 1, 1, 1, 1, 1, 1, 1, 1, 0, 0, 1, 1]",90,1.5707963267948966,data/results/hard_catalog_tail_coast_branch_control_replay/controls/tail_coast_all_one_two_segment_t5_portfolio_branch_024_mask_024_controls.json,90c2ab0d2d407a83d92adaa97da3a17f879b9e785fb03b43cd3cfa41b6ee3905,4.899535593841126e-05,4.899535593841126e-05,0,0.88810241544841517,0.88805342009247679,0.17000000000000001,True,False,branch rows use configured objective.thresholds.robust_success,12,2,True,True,optimizer,terminal_only,nominal_post_outage,14,7,4,"persisted accepted controls repropagated against the original CR3BP target with a simple circular solar third-body tidal acceleration; no retuning, no SPICE ephemeris, no high-fidelity validation"
tail_coast_all_one_two_segment_t5_portfolio,branch,24,24,"[1, 1, 1, 1, 1, 1, 1, 1, 1, 1, 0, 0, 1, 1]",180,3.1415926535897931,data/results/hard_catalog_tail_coast_branch_control_replay/controls/tail_coast_all_one_two_segment_t5_portfolio_branch_024_mask_024_controls.json,90c2ab0d2d407a83d92adaa97da3a17f879b9e785fb03b43cd3cfa41b6ee3905,4.899535593841126e-05,4.899535593841126e-05,0,2.4944535381597972,2.4944045428038586,0.17000000000000001,True,False,branch rows use configured objective.thresholds.robust_success,12,2,True,True,optimizer,terminal_only,nominal_post_outage,14,7,4,"persisted accepted controls repropagated against the original CR3BP target with a simple circular solar third-body tidal acceleration; no retuning, no SPICE ephemeris, no high-fidelity validation"
tail_coast_all_one_two_segment_t5_portfolio,branch,24,24,"[1, 1, 1, 1, 1, 1, 1, 1, 1, 1, 0, 0, 1, 1]",270,4.7123889803846897,data/results/hard_catalog_tail_coast_branch_control_replay/controls/tail_coast_all_one_two_segment_t5_portfolio_branch_024_mask_024_controls.json,90c2ab0d2d407a83d92adaa97da3a17f879b9e785fb03b43cd3cfa41b6ee3905,4.899535593841126e-05,4.899535593841126e-05,0,0.90831409414605491,0.90826509879011652,0.17000000000000001,True,False,branch rows use configured objective.thresholds.robust_success,12,2,True,True,optimizer,terminal_only,nominal_post_outage,14,7,4,"persisted accepted controls repropagated against the original CR3BP target with a simple circular solar third-body tidal acceleration; no retuning, no SPICE ephemeris, no high-fidelity validation"
tail_coast_all_one_two_segment_t5_portfolio,branch,25,25,"[1, 1, 1, 1, 1, 1, 1, 1, 1, 1, 1, 0, 0, 1]",0,0,data/results/hard_catalog_tail_coast_branch_control_replay/controls/tail_coast_all_one_two_segment_t5_portfolio_branch_025_mask_025_controls.json,d0173105a8cab9b54da962123b8bca27c81c5e76ebcd3f2e4eb25468d252a561,0.022709449204233009,0.022709449204233009,0,2.4845742551643917,2.4618648059601589,0.17000000000000001,True,False,branch rows use configured objective.thresholds.robust_success,13,1,True,True,optimizer,terminal_only,nominal_post_outage,14,7,4,"persisted accepted controls repropagated against the original CR3BP target with a simple circular solar third-body tidal acceleration; no retuning, no SPICE ephemeris, no high-fidelity validation"
tail_coast_all_one_two_segment_t5_portfolio,branch,25,25,"[1, 1, 1, 1, 1, 1, 1, 1, 1, 1, 1, 0, 0, 1]",90,1.5707963267948966,data/results/hard_catalog_tail_coast_branch_control_replay/controls/tail_coast_all_one_two_segment_t5_portfolio_branch_025_mask_025_controls.json,d0173105a8cab9b54da962123b8bca27c81c5e76ebcd3f2e4eb25468d252a561,0.022709449204233009,0.022709449204233009,0,0.88044325726118189,0.85773380805694888,0.17000000000000001,True,False,branch rows use configured objective.thresholds.robust_success,13,1,True,True,optimizer,terminal_only,nominal_post_outage,14,7,4,"persisted accepted controls repropagated against the original CR3BP target with a simple circular solar third-body tidal acceleration; no retuning, no SPICE ephemeris, no high-fidelity validation"
tail_coast_all_one_two_segment_t5_portfolio,branch,25,25,"[1, 1, 1, 1, 1, 1, 1, 1, 1, 1, 1, 0, 0, 1]",180,3.1415926535897931,data/results/hard_catalog_tail_coast_branch_control_replay/controls/tail_coast_all_one_two_segment_t5_portfolio_branch_025_mask_025_controls.json,d0173105a8cab9b54da962123b8bca27c81c5e76ebcd3f2e4eb25468d252a561,0.022709449204233009,0.022709449204233009,0,2.4813190487531069,2.4586095995488741,0.17000000000000001,True,False,branch rows use configured objective.thresholds.robust_success,13,1,True,True,optimizer,terminal_only,nominal_post_outage,14,7,4,"persisted accepted controls repropagated against the original CR3BP target with a simple circular solar third-body tidal acceleration; no retuning, no SPICE ephemeris, no high-fidelity validation"
tail_coast_all_one_two_segment_t5_portfolio,branch,25,25,"[1, 1, 1, 1, 1, 1, 1, 1, 1, 1, 1, 0, 0, 1]",270,4.7123889803846897,data/results/hard_catalog_tail_coast_branch_control_replay/controls/tail_coast_all_one_two_segment_t5_portfolio_branch_025_mask_025_controls.json,d0173105a8cab9b54da962123b8bca27c81c5e76ebcd3f2e4eb25468d252a561,0.022709449204233009,0.022709449204233009,0,0.90046332603394785,0.87775387682971484,0.17000000000000001,True,False,branch rows use configured objective.thresholds.robust_success,13,1,True,True,optimizer,terminal_only,nominal_post_outage,14,7,4,"persisted accepted controls repropagated against the original CR3BP target with a simple circular solar third-body tidal acceleration; no retuning, no SPICE ephemeris, no high-fidelity validation"
tail_coast_all_one_two_segment_t5_portfolio,branch,26,26,"[1, 1, 1, 1, 1, 1, 1, 1, 1, 1, 1, 1, 0, 0]",0,0,data/results/hard_catalog_tail_coast_branch_control_replay/controls/tail_coast_all_one_two_segment_t5_portfolio_branch_026_mask_026_controls.json,e167db8bf69a67a62a57bd4986d96e0568909aedcc35474f023c4dffe4b8bee9,0.022992338178558822,0.022992338178558822,0,2.481764912283746,2.4587725741051871,0.17000000000000001,True,False,branch rows use configured objective.thresholds.robust_success,14,0,False,False,no_recovery_variables,regularized_001,no_recovery_variables,14,7,4,"persisted accepted controls repropagated against the original CR3BP target with a simple circular solar third-body tidal acceleration; no retuning, no SPICE ephemeris, no high-fidelity validation"
tail_coast_all_one_two_segment_t5_portfolio,branch,26,26,"[1, 1, 1, 1, 1, 1, 1, 1, 1, 1, 1, 1, 0, 0]",90,1.5707963267948966,data/results/hard_catalog_tail_coast_branch_control_replay/controls/tail_coast_all_one_two_segment_t5_portfolio_branch_026_mask_026_controls.json,e167db8bf69a67a62a57bd4986d96e0568909aedcc35474f023c4dffe4b8bee9,0.022992338178558822,0.022992338178558822,0,0.8771956029989546,0.85420326482039577,0.17000000000000001,True,False,branch rows use configured objective.thresholds.robust_success,14,0,False,False,no_recovery_variables,regularized_001,no_recovery_variables,14,7,4,"persisted accepted controls repropagated against the original CR3BP target with a simple circular solar third-body tidal acceleration; no retuning, no SPICE ephemeris, no high-fidelity validation"
tail_coast_all_one_two_segment_t5_portfolio,branch,26,26,"[1, 1, 1, 1, 1, 1, 1, 1, 1, 1, 1, 1, 0, 0]",180,3.1415926535897931,data/results/hard_catalog_tail_coast_branch_control_replay/controls/tail_coast_all_one_two_segment_t5_portfolio_branch_026_mask_026_controls.json,e167db8bf69a67a62a57bd4986d96e0568909aedcc35474f023c4dffe4b8bee9,0.022992338178558822,0.022992338178558822,0,2.4785075189304755,2.4555151807519167,0.17000000000000001,True,False,branch rows use configured objective.thresholds.robust_success,14,0,False,False,no_recovery_variables,regularized_001,no_recovery_variables,14,7,4,"persisted accepted controls repropagated against the original CR3BP target with a simple circular solar third-body tidal acceleration; no retuning, no SPICE ephemeris, no high-fidelity validation"
tail_coast_all_one_two_segment_t5_portfolio,branch,26,26,"[1, 1, 1, 1, 1, 1, 1, 1, 1, 1, 1, 1, 0, 0]",270,4.7123889803846897,data/results/hard_catalog_tail_coast_branch_control_replay/controls/tail_coast_all_one_two_segment_t5_portfolio_branch_026_mask_026_controls.json,e167db8bf69a67a62a57bd4986d96e0568909aedcc35474f023c4dffe4b8bee9,0.022992338178558822,0.022992338178558822,0,0.89721551726675741,0.87422317908819858,0.17000000000000001,True,False,branch rows use configured objective.thresholds.robust_success,14,0,False,False,no_recovery_variables,regularized_001,no_recovery_variables,14,7,4,"persisted accepted controls repropagated against the original CR3BP target with a simple circular solar third-body tidal acceleration; no retuning, no SPICE ephemeris, no high-fidelity validation"
